<?xml version="1.0" encoding="UTF-8"?>
<GenRun Id="impl_1" LaunchPart="xc7a100tcsg324-1" LaunchTime="1648843310">
  <File Type="PWROPT-DRC" Name="Master_Controller_drc_pwropted.rpt"/>
  <File Type="OPT-METHODOLOGY-DRC" Name="Master_Controller_methodology_drc_opted.rpt"/>
  <File Type="INIT-TIMING" Name="Master_Controller_timing_summary_init.rpt"/>
  <File Type="ROUTE-PWR-RPX" Name="Master_Controller_power_routed.rpx"/>
  <File Type="PA-TCL" Name="Master_Controller.tcl"/>
  <File Type="OPT-HWDEF" Name="Master_Controller.hwdef"/>
  <File Type="RDI-RDI" Name="Master_Controller.vdi"/>
  <File Type="OPT-DCP" Name="Master_Controller_opt.dcp"/>
  <File Type="OPT-DRC" Name="Master_Controller_drc_opted.rpt"/>
  <File Type="OPT-TIMING" Name="Master_Controller_timing_summary_opted.rpt"/>
  <File Type="PWROPT-DCP" Name="Master_Controller_pwropt.dcp"/>
  <File Type="PWROPT-TIMING" Name="Master_Controller_timing_summary_pwropted.rpt"/>
  <File Type="PLACE-DCP" Name="Master_Controller_placed.dcp"/>
  <File Type="PLACE-IO" Name="Master_Controller_io_placed.rpt"/>
  <File Type="PLACE-CLK" Name="Master_Controller_clock_utilization_placed.rpt"/>
  <File Type="PLACE-UTIL" Name="Master_Controller_utilization_placed.rpt"/>
  <File Type="PLACE-UTIL-PB" Name="Master_Controller_utilization_placed.pb"/>
  <File Type="PLACE-CTRL" Name="Master_Controller_control_sets_placed.rpt"/>
  <File Type="PLACE-SIMILARITY" Name="Master_Controller_incremental_reuse_placed.rpt"/>
  <File Type="PLACE-PRE-SIMILARITY" Name="Master_Controller_incremental_reuse_pre_placed.rpt"/>
  <File Type="PLACE-TIMING" Name="Master_Controller_timing_summary_placed.rpt"/>
  <File Type="POSTPLACE-PWROPT-DCP" Name="Master_Controller_postplace_pwropt.dcp"/>
  <File Type="POSTPLACE-PWROPT-TIMING" Name="Master_Controller_timing_summary_postplace_pwropted.rpt"/>
  <File Type="PHYSOPT-DCP" Name="Master_Controller_physopt.dcp"/>
  <File Type="PHYSOPT-DRC" Name="Master_Controller_drc_physopted.rpt"/>
  <File Type="PHYSOPT-TIMING" Name="Master_Controller_timing_summary_physopted.rpt"/>
  <File Type="ROUTE-ERROR-DCP" Name="Master_Controller_routed_error.dcp"/>
  <File Type="ROUTE-DCP" Name="Master_Controller_routed.dcp"/>
  <File Type="ROUTE-BLACKBOX-DCP" Name="Master_Controller_routed_bb.dcp"/>
  <File Type="ROUTE-DRC" Name="Master_Controller_drc_routed.rpt"/>
  <File Type="ROUTE-DRC-PB" Name="Master_Controller_drc_routed.pb"/>
  <File Type="BG-BIN" Name="Master_Controller.bin"/>
  <File Type="ROUTE-DRC-RPX" Name="Master_Controller_drc_routed.rpx"/>
  <File Type="BG-DRC" Name="Master_Controller.drc"/>
  <File Type="ROUTE-METHODOLOGY-DRC" Name="Master_Controller_methodology_drc_routed.rpt"/>
  <File Type="BITSTR-MSK" Name="Master_Controller.msk"/>
  <File Type="ROUTE-METHODOLOGY-DRC-RPX" Name="Master_Controller_methodology_drc_routed.rpx"/>
  <File Type="BG-BGN" Name="Master_Controller.bgn"/>
  <File Type="ROUTE-METHODOLOGY-DRC-PB" Name="Master_Controller_methodology_drc_routed.pb"/>
  <File Type="ROUTE-PWR" Name="Master_Controller_power_routed.rpt"/>
  <File Type="ROUTE-PWR-SUM" Name="Master_Controller_power_summary_routed.pb"/>
  <File Type="ROUTE-STATUS" Name="Master_Controller_route_status.rpt"/>
  <File Type="ROUTE-STATUS-PB" Name="Master_Controller_route_status.pb"/>
  <File Type="ROUTE-TIMINGSUMMARY" Name="Master_Controller_timing_summary_routed.rpt"/>
  <File Type="ROUTE-TIMING-PB" Name="Master_Controller_timing_summary_routed.pb"/>
  <File Type="ROUTE-TIMING-RPX" Name="Master_Controller_timing_summary_routed.rpx"/>
  <File Type="ROUTE-SIMILARITY" Name="Master_Controller_incremental_reuse_routed.rpt"/>
  <File Type="ROUTE-CLK" Name="Master_Controller_clock_utilization_routed.rpt"/>
  <File Type="POSTROUTE-PHYSOPT-DCP" Name="Master_Controller_postroute_physopt.dcp"/>
  <File Type="POSTROUTE-PHYSOPT-BLACKBOX-DCP" Name="Master_Controller_postroute_physopt_bb.dcp"/>
  <File Type="POSTROUTE-PHYSOPT-TIMING" Name="Master_Controller_timing_summary_postroute_physopted.rpt"/>
  <File Type="POSTROUTE-PHYSOPT-TIMING-PB" Name="Master_Controller_timing_summary_postroute_physopted.pb"/>
  <File Type="POSTROUTE-PHYSOPT-TIMING-RPX" Name="Master_Controller_timing_summary_postroute_physopted.rpx"/>
  <File Type="BG-BIT" Name="Master_Controller.bit"/>
  <File Type="BITSTR-RBT" Name="Master_Controller.rbt"/>
  <File Type="BITSTR-NKY" Name="Master_Controller.nky"/>
  <File Type="BITSTR-BMM" Name="Master_Controller_bd.bmm"/>
  <File Type="BITSTR-MMI" Name="Master_Controller.mmi"/>
  <File Type="BITSTR-SYSDEF" Name="Master_Controller.sysdef"/>
  <File Type="WBT-USG" Name="usage_statistics_webtalk.html"/>
  <FileSet Name="sources" Type="DesignSrcs" RelSrcDir="$PSRCDIR/sources_1">
    <Filter Type="Srcs"/>
    <File Path="$PSRCDIR/sources_1/new/refclkdiv.v">
      <FileInfo>
        <Attr Name="ImportPath" Val="$PPRDIR/../egg_timer_9/egg_timer_9.srcs/sources_1/new/refclkdiv.v"/>
        <Attr Name="ImportTime" Val="1648441479"/>
        <Attr Name="UsedIn" Val="synthesis"/>
        <Attr Name="UsedIn" Val="implementation"/>
        <Attr Name="UsedIn" Val="simulation"/>
      </FileInfo>
    </File>
    <File Path="$PSRCDIR/sources_1/new/ProgressBar.v">
      <FileInfo>
        <Attr Name="UsedIn" Val="synthesis"/>
        <Attr Name="UsedIn" Val="implementation"/>
        <Attr Name="UsedIn" Val="simulation"/>
      </FileInfo>
    </File>
    <File Path="$PSRCDIR/sources_1/new/ClocktoSecond.v">
      <FileInfo>
        <Attr Name="ImportPath" Val="$PPRDIR/../egg_timer_9/egg_timer_9.srcs/sources_1/new/ClocktoSecond.v"/>
        <Attr Name="ImportTime" Val="1648425758"/>
        <Attr Name="UsedIn" Val="synthesis"/>
        <Attr Name="UsedIn" Val="implementation"/>
        <Attr Name="UsedIn" Val="simulation"/>
      </FileInfo>
    </File>
    <File Path="$PSRCDIR/sources_1/new/bcdtoseg.v">
      <FileInfo>
        <Attr Name="ImportPath" Val="$PPRDIR/../egg_timer_9/egg_timer_9.srcs/sources_1/new/bcdtoseg.v"/>
        <Attr Name="ImportTime" Val="1648441510"/>
        <Attr Name="UsedIn" Val="synthesis"/>
        <Attr Name="UsedIn" Val="implementation"/>
        <Attr Name="UsedIn" Val="simulation"/>
      </FileInfo>
    </File>
    <File Path="$PSRCDIR/sources_1/new/Count_Time.v">
      <FileInfo>
        <Attr Name="ImportPath" Val="$PPRDIR/../egg_timer_9/egg_timer_9.srcs/sources_1/new/Count_Time.v"/>
        <Attr Name="ImportTime" Val="1648448040"/>
        <Attr Name="UsedIn" Val="synthesis"/>
        <Attr Name="UsedIn" Val="implementation"/>
        <Attr Name="UsedIn" Val="simulation"/>
      </FileInfo>
    </File>
    <File Path="$PSRCDIR/sources_1/new/Cook_Time.v">
      <FileInfo>
        <Attr Name="ImportPath" Val="$PPRDIR/../egg_timer_9/egg_timer_9.srcs/sources_1/new/Cook_Time.v"/>
        <Attr Name="ImportTime" Val="1648443720"/>
        <Attr Name="UsedIn" Val="synthesis"/>
        <Attr Name="UsedIn" Val="implementation"/>
        <Attr Name="UsedIn" Val="simulation"/>
      </FileInfo>
    </File>
    <File Path="$PSRCDIR/sources_1/new/clkfordebounce.v">
      <FileInfo>
        <Attr Name="ImportPath" Val="$PPRDIR/../egg_timer_9/egg_timer_9.srcs/sources_1/new/clkfordebounce.v"/>
        <Attr Name="ImportTime" Val="1648449452"/>
        <Attr Name="UsedIn" Val="synthesis"/>
        <Attr Name="UsedIn" Val="implementation"/>
        <Attr Name="UsedIn" Val="simulation"/>
      </FileInfo>
    </File>
    <File Path="$PSRCDIR/sources_1/new/Master_Controller.v">
      <FileInfo>
        <Attr Name="ImportPath" Val="$PPRDIR/../egg_timer_9/egg_timer_9.srcs/sources_1/new/Master_Controller.v"/>
        <Attr Name="ImportTime" Val="1648449161"/>
        <Attr Name="UsedIn" Val="synthesis"/>
        <Attr Name="UsedIn" Val="implementation"/>
        <Attr Name="UsedIn" Val="simulation"/>
      </FileInfo>
    </File>
    <File Path="$PSRCDIR/sources_1/new/Master_Controller_NOSSD.v">
      <FileInfo>
        <Attr Name="AutoDisabled" Val="1"/>
        <Attr Name="UsedIn" Val="synthesis"/>
        <Attr Name="UsedIn" Val="implementation"/>
        <Attr Name="UsedIn" Val="simulation"/>
      </FileInfo>
    </File>
    <Config>
      <Option Name="DesignMode" Val="RTL"/>
      <Option Name="TopModule" Val="Master_Controller"/>
    </Config>
  </FileSet>
  <FileSet Name="constrs_in" Type="Constrs" RelSrcDir="$PSRCDIR/constrs_1">
    <Filter Type="Constrs"/>
    <File Path="$PSRCDIR/constrs_1/imports/lab_sources/Nexys4DDR_Master_Remote_Control.xdc">
      <FileInfo>
        <Attr Name="ImportPath" Val="$PPRDIR/../lab_sources/Nexys4DDR_Master_Remote_Control.xdc"/>
        <Attr Name="ImportTime" Val="1644609061"/>
        <Attr Name="UsedIn" Val="synthesis"/>
        <Attr Name="UsedIn" Val="implementation"/>
      </FileInfo>
    </File>
    <Config>
      <Option Name="ConstrsType" Val="XDC"/>
    </Config>
  </FileSet>
  <Strategy Version="1" Minor="2">
    <StratHandle Name="Vivado Implementation Defaults" Flow="Vivado Implementation 2016"/>
    <Step Id="init_design"/>
    <Step Id="opt_design"/>
    <Step Id="power_opt_design"/>
    <Step Id="place_design"/>
    <Step Id="post_place_power_opt_design"/>
    <Step Id="phys_opt_design"/>
    <Step Id="route_design"/>
    <Step Id="post_route_phys_opt_design"/>
    <Step Id="write_bitstream"/>
  </Strategy>
  <BlockFileSet Type="BlockSrcs" Name="clk_wiz_0"/>
</GenRun>
