<?xml version="1.0" encoding="UTF-8"?>
<GenRun Id="synth_1" LaunchPart="xc7a100tcsg324-1" LaunchTime="1648843310">
  <File Type="RDS-PROPCONSTRS" Name="Master_Controller_drc_synth.rpt"/>
  <File Type="PA-TCL" Name="Master_Controller.tcl"/>
  <File Type="RDS-RDS" Name="Master_Controller.vds"/>
  <File Type="RDS-UTIL" Name="Master_Controller_utilization_synth.rpt"/>
  <File Type="RDS-UTIL-PB" Name="Master_Controller_utilization_synth.pb"/>
  <File Type="RDS-DCP" Name="Master_Controller.dcp"/>
  <File Type="VDS-TIMINGSUMMARY" Name="Master_Controller_timing_summary_synth.rpt"/>
  <File Type="VDS-TIMING-PB" Name="Master_Controller_timing_summary_synth.pb"/>
  <FileSet Name="sources" Type="DesignSrcs" RelSrcDir="$PSRCDIR/sources_1">
    <Filter Type="Srcs"/>
    <File Path="$PSRCDIR/sources_1/new/refclkdiv.v">
      <FileInfo>
        <Attr Name="ImportPath" Val="$PPRDIR/../egg_timer_9/egg_timer_9.srcs/sources_1/new/refclkdiv.v"/>
        <Attr Name="ImportTime" Val="1648441479"/>
        <Attr Name="UsedIn" Val="synthesis"/>
        <Attr Name="UsedIn" Val="implementation"/>
        <Attr Name="UsedIn" Val="simulation"/>
      </FileInfo>
    </File>
    <File Path="$PSRCDIR/sources_1/new/ProgressBar.v">
      <FileInfo>
        <Attr Name="UsedIn" Val="synthesis"/>
        <Attr Name="UsedIn" Val="implementation"/>
        <Attr Name="UsedIn" Val="simulation"/>
      </FileInfo>
    </File>
    <File Path="$PSRCDIR/sources_1/new/ClocktoSecond.v">
      <FileInfo>
        <Attr Name="ImportPath" Val="$PPRDIR/../egg_timer_9/egg_timer_9.srcs/sources_1/new/ClocktoSecond.v"/>
        <Attr Name="ImportTime" Val="1648425758"/>
        <Attr Name="UsedIn" Val="synthesis"/>
        <Attr Name="UsedIn" Val="implementation"/>
        <Attr Name="UsedIn" Val="simulation"/>
      </FileInfo>
    </File>
    <File Path="$PSRCDIR/sources_1/new/bcdtoseg.v">
      <FileInfo>
        <Attr Name="ImportPath" Val="$PPRDIR/../egg_timer_9/egg_timer_9.srcs/sources_1/new/bcdtoseg.v"/>
        <Attr Name="ImportTime" Val="1648441510"/>
        <Attr Name="UsedIn" Val="synthesis"/>
        <Attr Name="UsedIn" Val="implementation"/>
        <Attr Name="UsedIn" Val="simulation"/>
      </FileInfo>
    </File>
    <File Path="$PSRCDIR/sources_1/new/Count_Time.v">
      <FileInfo>
        <Attr Name="ImportPath" Val="$PPRDIR/../egg_timer_9/egg_timer_9.srcs/sources_1/new/Count_Time.v"/>
        <Attr Name="ImportTime" Val="1648448040"/>
        <Attr Name="UsedIn" Val="synthesis"/>
        <Attr Name="UsedIn" Val="implementation"/>
        <Attr Name="UsedIn" Val="simulation"/>
      </FileInfo>
    </File>
    <File Path="$PSRCDIR/sources_1/new/Cook_Time.v">
      <FileInfo>
        <Attr Name="ImportPath" Val="$PPRDIR/../egg_timer_9/egg_timer_9.srcs/sources_1/new/Cook_Time.v"/>
        <Attr Name="ImportTime" Val="1648443720"/>
        <Attr Name="UsedIn" Val="synthesis"/>
        <Attr Name="UsedIn" Val="implementation"/>
        <Attr Name="UsedIn" Val="simulation"/>
      </FileInfo>
    </File>
    <File Path="$PSRCDIR/sources_1/new/clkfordebounce.v">
      <FileInfo>
        <Attr Name="ImportPath" Val="$PPRDIR/../egg_timer_9/egg_timer_9.srcs/sources_1/new/clkfordebounce.v"/>
        <Attr Name="ImportTime" Val="1648449452"/>
        <Attr Name="UsedIn" Val="synthesis"/>
        <Attr Name="UsedIn" Val="implementation"/>
        <Attr Name="UsedIn" Val="simulation"/>
      </FileInfo>
    </File>
    <File Path="$PSRCDIR/sources_1/new/Master_Controller.v">
      <FileInfo>
        <Attr Name="ImportPath" Val="$PPRDIR/../egg_timer_9/egg_timer_9.srcs/sources_1/new/Master_Controller.v"/>
        <Attr Name="ImportTime" Val="1648449161"/>
        <Attr Name="UsedIn" Val="synthesis"/>
        <Attr Name="UsedIn" Val="implementation"/>
        <Attr Name="UsedIn" Val="simulation"/>
      </FileInfo>
    </File>
    <File Path="$PSRCDIR/sources_1/new/Master_Controller_NOSSD.v">
      <FileInfo>
        <Attr Name="AutoDisabled" Val="1"/>
        <Attr Name="UsedIn" Val="synthesis"/>
        <Attr Name="UsedIn" Val="implementation"/>
        <Attr Name="UsedIn" Val="simulation"/>
      </FileInfo>
    </File>
    <Config>
      <Option Name="DesignMode" Val="RTL"/>
      <Option Name="TopModule" Val="Master_Controller"/>
    </Config>
  </FileSet>
  <FileSet Name="constrs_in" Type="Constrs" RelSrcDir="$PSRCDIR/constrs_1">
    <Filter Type="Constrs"/>
    <File Path="$PSRCDIR/constrs_1/imports/lab_sources/Nexys4DDR_Master_Remote_Control.xdc">
      <FileInfo>
        <Attr Name="ImportPath" Val="$PPRDIR/../lab_sources/Nexys4DDR_Master_Remote_Control.xdc"/>
        <Attr Name="ImportTime" Val="1644609061"/>
        <Attr Name="UsedIn" Val="synthesis"/>
        <Attr Name="UsedIn" Val="implementation"/>
      </FileInfo>
    </File>
    <Config>
      <Option Name="ConstrsType" Val="XDC"/>
    </Config>
  </FileSet>
  <Strategy Version="1" Minor="2">
    <StratHandle Name="Vivado Synthesis Defaults" Flow="Vivado Synthesis 2016"/>
    <Step Id="synth_design"/>
  </Strategy>
  <BlockFileSet Type="BlockSrcs" Name="clk_wiz_0"/>
</GenRun>
